<?xml version="1.0" encoding="UTF-8" standalone="yes"?>
<addon id="plugin.program.securityshield" name="Security Shield"  provider-name="whufclee, surfacingx" version="1.0.6">
  <requires>
    <import addon="xbmc.python" version="2.1.0"/>
  </requires>
  <extension point="xbmc.python.pluginsource" library="default.py">
        <provides>executable</provides>
  </extension>
  <extension point="xbmc.service" library="service.py" start="startup" />
  <extension point="xbmc.addon.metadata">
    <summary lang="en">Security Shield</summary>
	<description>Run this add-on to quickly check your installed add-ons and repo's against the noobsandnerds Add-on Portal database as well as some more advanced features for checking running services etc. The main scan will quickly check if you have any content installed that's no longer working, considered depreciated or marked as potentially dangerous. Keeping old repositories (and potentially some addons) on your system is huge security flaw in the Kodi system so make sure you check regularly. The scan process is extremely quick and should just take a few seconds even with hundreds of add-ons installed.</description>
    <platform>all</platform>
	<genre>devtools, other</genre>
	<video_guide>HsiXVi-sKxA</video_guide>
  </extension>
</addon>
